issue_year,title,abstract,link_dbpia,link_riss
1966,1966년도 하계 동식물채집 여행기,,,https://www.riss.kr/search/detail/DetailView.do?p_mat_type=1a0202e37d52c72d&control_no=9e7de7792574d405ffe0bdc3ef48d419&keyword=
1984,A Systematic Study on the Korean Anthozoa : 8. Actiniaria(Hexacorallia) 해변말미잘類(六放珊瑚 亞綱),"韓國産 해변말미잘類의 系統分類學的 硏究를 하기 위하여 1974년 7월부터 1984년 8월까지 南韓의 28個地域(東海, 南海, 黃海沿岸과 여러 島嶼)으로부터 채집된 標本들을 同定分類하였다. 그 결과 足盤類에 속하는 2亞族 2科 5屬 8種의 韓國末記錄種이 밝혀졌다. The actiniarians identified in present study turned out to be eight species, five genera and two families.They were all new to the Korean fauna: Actinia equina, Anthopleura japonica, A. rurogane´, A. midori, A. pacifica, Paracondylactis hertwigi, epiactis japonica and Haliplanella luciae.",,https://www.riss.kr/search/detail/DetailView.do?p_mat_type=1a0202e37d52c72d&control_no=f81af85b0f2a3667ffe0bdc3ef48d419&keyword=
1985,월성과 서천의 부착동물에 관한 연구,"본 연구는 月城원자력발전소와, 舒川화력발전소의 취수구에 1984년 10월초 실험부착판을 설치하여 1985년 6월까지 附着動物의 種 組成과 郡集生態를 조사하였다. 조사결과, 附着動物은 月城에서 8門 10綱 17目 43科 70種으로 Mytilus, Balanus와 단체해초류의 부착이 현저하고, 舒川에서는 10門 14綱 20目 48科 62種으로 말미잘類, Chlamys, 군체해초류와 端脚類 접관의 부착이 현저하다. 月別에 따른 변화를 보면 月城에서는 초기단계의 粘性被膜이 점점 두꺼워지고, 새로운 附着動物群의 출현이 빠르지만, 舒川에서는 초기단계의 端脚類 棲管이 점점 두껍게 형성되면서 付着動物群의 출현은 늦다. 附着動物을 형태학적 특징에 따라 類型으로 보면 다음과 같은 천이과정을 알 수 있다. 月城 : CcS→Mssv=Mslf→Mtl→Mslv=Mssf舒川 : Mts,Ccs→Mssv=Mtl→Mslf=Cct→Mslv=Mssf舒川은 月城보다 늦은 속도로 遷移되고 있으며 최종적인 優占種은 Mytilus edulis(Mslv)일 것으로 본다.본 연구는 韓國科學技術院 化學硏究所 硏究事業의 일환으로 수행되었으며, 조사과정 동안 도움을 주신 韓國科學技術院 化學硏究所 分析室長 김풍작 博士님과 그 室員, 韓國電力公社 拉術硏究院 김은아部長님 과 송영문科長님께 謝意를 表한다. To understand the changes of the species composition and the morphology of fouling animals community, a series of studies were carried out at the intake of Wolso˘ng Nuclear Power Plant and So˘ch'o˘n Thermal Power Plant from October, 1984 to June 1985.As a result, 70 species, 43 families, 17 orders, ten classes in eight phyla at Wolso˘ng, and 62 species, 48 families, 20 orders, 14 classes in ten phyla at So˘ch'o˘n were observed during the studv period.Some outstanding group of animals were Wytilus, Balanus and solitary ascidians at Wolso˘ng, and Chlamys, sea anemones, compound ascidians and tubes of amphipods at So˘ch'o˘n.  The changes cf species were appeared to be early at Wolso˘ng, eastern coast of Korea.  Therefore, it seems the last dominant species of fouling animals is Mytilus edulis.",,https://www.riss.kr/search/detail/DetailView.do?p_mat_type=1a0202e37d52c72d&control_no=0fbe4e4d0ffa72c0ffe0bdc3ef48d419&keyword=
1990,'철학’이데올로기,"철학의 대상은 현실이지 잡다한 철학 이론이 아니다.듣고 말하기는 쉬워도 나는 그것을 좀체 실행에 옮기지 못한다. 왜 그런가? 왜 나는 '존재와 자아'의 관계에 대해서는 노련한 숙련가이지만 '한반도와 나'의 관계에 대해서는 말미잘처럼 움츠러들 수 밖에 없는가? '한반도'를 경과하지 않고서는 '존재'를 만날 수 없는 법인데 (동굴을 빠져나온 플라톤의 증언을 빌더라도 그렇다!), 나는 '한반도'를 만나지 않은 채 이미 '존재'를, '나의 실존'을 만나고 있다.",,https://www.riss.kr/search/detail/DetailView.do?p_mat_type=1a0202e37d52c72d&control_no=214eff00da13f05d&keyword=
1991,제주도 방언지도 시안(Ⅱ),,,https://www.riss.kr/search/detail/DetailView.do?p_mat_type=1a0202e37d52c72d&control_no=5788a9c262dae7d3ffe0bdc3ef48d419&keyword=
1994,Molecular Phyogeny of Anthozoans (Phylum Cnidaria)Based on the Nucleotide Sequences of 18S rRNA gene,"산호충류의 분자계통을 밝히기 위하여 자포동물에 속하는 6종에 대한 18 rRNA 유전자의 염기서열을 비교하였다. 본 연구에 사용된 종들은 산호충 강에 속하는 5종(팔방산호충 아강의 Bellonella rigida, 육방산호충 아강의 Anemonia sulcata, Anthopleura kurogane, Anthopleura midori 및 꽃말미잘 아강의 Cerianthus filiformis )과 히드로충 강에 속하는 1종 Cornyne pusilla 이었다. 정열된 염기서열은 Distance matrix method와 parsimony method를 사용하여 기존의 산호충류 계통을 검증해 보았다.그 결과 산호충류는 단일계통군이었고, 신호충 강을 3아강으로 나누는 기존의 체계는 지지되었지만, 꽃말미잘 아강은 다른 아강보다 더 원시적인군인 것으로 나타났다. 또한, 해변말미잘 과는 산호충 강내의 단일계통군이지만, 속간의 계통유연관계는 명확하지 않았다. The partial nucleotide sequences of 18S ribosomal RNA gene were compared for six cnidarian species (one belongs to class Hydrozoa: Coryne pusilla. Five belong to clas Anthozoa: Bellonella rigida from Octocorallia; Anemonia sulcata, Anthopleura kurogane, Anthopleura midori from Hexacorallia; Cerianthus filiformis from Ceriantipatharia). The aligned sequence data were used to test the hypothesis on the anthozoan phylogeny by using the distance matrix method and parsimony method. The phylogenetic inferences resulting from these methods indicate that the anthozoan is a monophyletic group and support the three subclass scheme (Octocorallia, Hexacorallia, Ceriantipatharia) within class Anthozoa. The result also indicates that ceriantipatharian is more primitive than the other groups and that family Actiniidae is a monophyletic group within the anthozoan. However, the present analysis does not clearly indicate the phylogenetic relationships of species among genera.",,https://www.riss.kr/search/detail/DetailView.do?p_mat_type=1a0202e37d52c72d&control_no=344a3c12e8ad3fa8ffe0bdc3ef48d419&keyword=
1995,제주도 서귀포 주변 해역에서 발견된 3미기록종,,,https://www.riss.kr/search/detail/DetailView.do?p_mat_type=1a0202e37d52c72d&control_no=890f5cd799244ccf&keyword=
1995,한국적 정서 물씬 - 「말미잘」,등록된 정보가 없습니다.,https://www.dbpia.co.kr/journal/articleDetail?nodeId=NODE02654990,
2002,"Taxonomy of Actiniidae (Anthozoa, Actiniaria, Thenaria, Endomvaria) from Korea","한국산 해변말미잘류는 1962년부터 2000년까지 우리나라 삼면연안의 91개 지점에서 채집되었다. 해변말미잘과 내에 6속 10종이 동정ㆍ분류되었으며. 그 중 모래 해변말미잘(Dofleinia armata). 가죽해변말미잘(Urticina coriacea) 및 민가죽해변말미잘 (Urticina crassicornis)은 한국미기록종으로 밝혀졌다. Actinians were collected from 91 localities of Korea from 1962 to 2000. They are identified into 10 species within 6 genera, of which three species are newly recorded to Korean fauna: Dofleinia armota Wassilieff, 1908, Urticina coriacea (Cuvier, 1798) and Urticinu crassicornis (Muller, 1776). They are redescribed in detail with figures, and the other species are examined.",,https://www.riss.kr/search/detail/DetailView.do?p_mat_type=1a0202e37d52c72d&control_no=e920471b20f9616c7f7a54760bb41745&keyword=
2002,"한국산 해변말미잘과 (산호충강,해변말미잘목,족반족,내근아족)의 분류","Actinians were collected from 91 localities of Korea from 1962 to 2000. Theyare identified into 10 species within 6 genera, of which three species are newlyrecorded to Korean fauna: Dofleinia armata Wassilieff, 1908, Urticina coriacea(Cuvier, 1798) and Urticina crassicornis(Muller, 1776). They are redescribed indetail with figures, and the other species are examined.",,https://www.riss.kr/search/detail/DetailView.do?p_mat_type=1a0202e37d52c72d&control_no=ded1e0d438a32e61c85d2949c297615a&keyword=
2003,한국산 무족반족 (산호충강:해변말미잘목)의 유사벌레붙이말미잘속의 1신종과 국내 2미기록종,,,https://www.riss.kr/search/detail/DetailView.do?p_mat_type=1a0202e37d52c72d&control_no=a8d7aad213d2beddc85d2949c297615a&keyword=
2004,한국산 해변말미잘목 (산호충강: 말미잘아강)의 3미기록종,"Some actiniarians were collected from the coasts of Jejudo and Baekdo Islandsin Korean waters from 1971 to 2004. They are identified into three species withinthree families, which are newly recorded to Korean actiniarian fauna: Halcampellamaxima Hertwig, 1888 within the tribe Athenaria, and also Aulactinia coccinea(Verrill, 1866) and Stichodactyla tapetum(Ehrenberg, 1834) within the tribeThenaria. They are described in detail with figures and tables together with thedistribution and size of cnidae. In preserved specimens, mature oocytes of H.maxima were observed in winter. Also oocytes and sperm sacs of S. tapetumweresurveyed at separate individuals in summer. The unique feature of A. coccinea is abody wall with simple adhesive verrucae extended from margin to limbus inlongitudinal rows. In the genus Stichodactyla, the smallest species, S. tapetumisdistinguished from S. haddoni by short bulbous tentacles, less than 1.0 mm long,densely packed on the oral disc and also conical marginal ones, 1.5-2.0 mm long.As a result of this study, the Korean actiniarian fauna consists of four athenarian and23 thenarian species in suborder Nynantheae 제주도와 백도에서 1971년부터 2004년까지 채집된 해변말미잘류는 3과 3종으로 밝혀졌으며, 이들은 한국 미기록종이었다. 무족반족의 가지해변말미잘(Halcampella maxima )과 족반족의 진홍혹해변말미잘 (Aulactinia coccinea )과 융단열말미잘 (Stichodactyla tapetum)으로서 이들의 자포에 대한 분포와",,https://www.riss.kr/search/detail/DetailView.do?p_mat_type=1a0202e37d52c72d&control_no=709a78f12ef7becb4884a65323211ff0&keyword=
2005,[포토에세이] 말미잘과 흰동가리의 공생,등록된 정보가 없습니다.,https://www.dbpia.co.kr/journal/articleDetail?nodeId=NODE11624647,
2005,말미잘에 이한 피부염 1예,,,https://www.riss.kr/search/detail/DetailView.do?p_mat_type=1a0202e37d52c72d&control_no=653089f6f583d00d&keyword=
2011,경남 남해연안 해수온도와 암반연안 저서동물군집 변화,"본 연구는 경남 남해 암반연안 대형저서동물 관찰횟수와 연평균해수온도가 서로 관련 있는지 알아보기 위하여 수행되었다. Acanthopleura japonica (군부)와 Cellana toreuma (애기삿갓조개)는 3개 지역에서 4년 동안 관찰되었다. 이 두 종과 연평균해수온도는 직접적으로 연관성이 없었다. 최근 2010년에 Siphonaria sirius (꽃고랑딱개비)와 Haliplanella lineata (담황줄말미잘)의 관찰횟수는 감소하였다. 그러나, 2009년과 2010년에 Serpulidae sp. (석회관갯지렁이류)의 관찰횟수는 증가하였다. 결과적으로 Siphonaria sirius (꽃고랑딱개비)와 Haliplanella lineata (담황줄말미잘) 그리고 Serpulidae sp. (석회관갯지렁이류)는 연평균해수온도 변화와 연관성이 있을 것으로 제안한다. This study was conducted to confirm if observation numbers of macrobenthic fauna on rocky shore coast was related with mean annual sea water temperature in Namhae, Gyeongsangnam-do. There were observed that Acanthopleura japonica (Chitonidae) and Cellana toreuma (Patellidae) for 4 years at each 3 areas. It was not relationship that between the 2 species and change of the mean annual sea water temperature directly. It was decreased that the observed numbers of Siphonaria sirius (Siphonariidae) and Haliplanella lineata (Halipanellidae)at 2010 year at last. however, it was increased that the observed numbers of Serpulidae sp. at 2009 year and 2010 year at last. It has suggest that 3 species(Siphonaria sirius, Haliplanella lineata, Serpulidae sp.) has to do with change of the mean annual sea water finally.",,https://www.riss.kr/search/detail/DetailView.do?p_mat_type=1a0202e37d52c72d&control_no=1c4b6cd1ebed69ded18150b21a227875&keyword=
2011,경남 남해연안 해수온도와 암반연안 저서동물군집 변화 ,"본 연구는 경남 남해 암반연안 대형저서동물 관찰횟수와 연평균해수온도가 서로 관련 있는지 알아보기 위 하여 수행되었다. Acanthopleura japonica (군부)와 Cellana toreuma (애기삿갓조개)는 3개 지역에서 4년 동안 관찰 되었다. 이 두 종과 연평균해수온도는 직접적으로 연관성이 없었다. 최근 2010년에 Siphonaria sirius (꽃고랑딱개비) 와 Haliplanella lineata (담황줄말미잘)의 관찰횟수는 감소하였다. 그러나, 2009년과 2010년에 Serpulidae sp. (석회관 갯지렁이류)의 관찰횟수는 증가하였다. 결과적으로 Siphonaria sirius (꽃고랑딱개비)와 Haliplanella lineata (담황줄말 미잘) 그리고 Serpulidae sp. (석회관갯지렁이류)는 연평균해수온도 변화와 연관성이 있을 것으로 제안한다.",https://www.dbpia.co.kr/journal/articleDetail?nodeId=NODE11528011,
2013,Three hexacoral cnidarian mitochondrial genomes and their phylogenetic implication : 육방산호충류에 속하는 3종의 미토콘드리아 유전체 분석과 계통유연관계,"자포동물문-산호충강-육방산호충강에 속하는 돌산호목 산호류의 대부분은 열대지방의 암초를 형성하는 그룹으로 이루어져 있다. 이러한 생태학적인 중요성이 있음에도 불구하고 이들의 계통분류학적인 관계에 있어 아직 논란이 이어지고 있다. 돌산호목은 상위분류체계인 육방산호충강 내에서의 계통학적 위치가 명확하지 않다. 돌산호목의 단계통군 형성 여부와 관련된 논란으로 ‘Naked coral’ 가설로 설명된다. 돌산호목과 산호붙이말미잘목 간의 관계성에 주목하여 현재까지 핵 유전자(28S rDNA)와 미토콘드리아 유전자(COⅠ, 18S rDNA)와 같은 부분 염기서열로 연구가 이루어 졌지만, 가설의 지지 여부에 상충되는 결과를 보였다. 현재까지 돌산호목의 계통분석에서 이용되지 않은 미토콘드리아 유전체는 돌산호목의 계통유연관계의 문제점과 진화과정을 설명하는데 유용한 분자마커가 될 수 있을 것이라 사료된다.",https://www.dbpia.co.kr/journal/detail?nodeId=T13255970,
2013,동인지 『자유시』에 나타난 현실 대응 방식 연구,"This paper aims to analyze the orientation of poetic objective of 『Jayushi』(‘자유시’), a literary coterie magazine, which was mainly published on the 1970's.『Jayushi』and 『Banshi』(반시) are representative poetry magazine on the 1970’s.In previous studies, mere poetic meaning was to be given 『Jayushi』 in the confrontation with the “Banshi. It means that『Jayushi』’s independent literary importance was difficult to find. It was just analyzed with long literary framework of ‘purity/ participation’.However, 『Jayushi』’s member told that they could not side with neither purity nor participation’. It is not appropriate to analyze poetic objective of 『Jayushi』with literary framework of ‘purity/ participation’. Therefore this paper aims to give independent literary importance to 『Jayushi』.『Jayushi』 pursues to recover individuality. But the member’s poems do not directly shows emotion of poetic narrator, They only show scenary in the poems.Their poetry repeatedly shows ‘nature’scenary in their poems. Mountain, river, sky, sea, flowers, trees, birds, insects are repeatedly shown in member’s poetry. Specially, the small organics like ants, sea anemone, bunting, rain drops are starring in their poems, which shows nature’s great wonder.But they do not just ‘shows’ the nature in their poems. The nature in their poems is not raw nature, which is the projection of poet’s eyes. So nature in poems has literary intention.This intention is criticism on contemporary society, according to members. ‘Nature’ is poetic way used to resist social conflict and alienation resulted from industrialization in 1970’s.From the beginning, 『Jayushi』’s obvious purpose was individual freedom. They could not help resisting contemporary society’s problem because variety of social illness hurt individuality. Therefore pure nature in poems acts with the hope as a solution of the problem caused by urbanization.This ‘nature’ can be Space with the participation of active locomotion, not the motionless scenary. That is the grounds of overcoming literary framework of ‘purity/ participation’.『Jayushi』 stops to publish magazine on the 1980’s. In the framework of ‘purity/ participation’ for 『Jayushi』, which pursues literary purity, It was difficult to keep up their writing. Literary participation was demanded on the 1980’s.But we have to find another reason of 『Jayushi』’s disperse. ‘Nature’ in their poems has its limits. ‘Nature’ is not current place but the space in poetic narrator's memories. The space of the past cannot resist to the current problem. The Poet remember nature as a beautiful place. But contemporary nature is the space destroyed by industrialization and urbanization. 『Jayushi』 members’ sense of resistance is not contemporary one because they can’t overcome the gap of memories and reality. 본고는 1970년대에 중점적으로 활동했던 『자유시』의 시적 지향점을 분석하는 것을 목표로 한다.『자유시』는 『반시』와 더불어 1970년대를 대표하는 시 동인지로, 기존 연구에서는 『자유시』가 『반시』와의 대립구도 안에서 시적 의미가 부여되는 데 그쳤다. 즉 『자유시』 자체로 문학적 의미를 매기는 데는 미흡했으며, 한국문학의 오랜 이분법인 ‘순수/참여>의 틀에 분석을 가두는 한계가 있었다.그러나 『자유시』 동인들은 <순수/참여> 어느 한쪽에만 서 있기 어려웠다는 증언을 내놓고 있는 바, 동인지의 시적 지향을 <순수/참여>의 구분법으로 분석하는 것은 적합하지 않다. 따라서 본고는 기존의 분석틀이 아닌, 『자유시』 동인지 고유의 무게감을 매기는 것에 목적을 두었다.『자유시』의 창작 활동이 추구하는 것은 개인성의 회복이다. 그러나 『자유시』 동인들은 이를 위해 시적 화자의 정서를 직접적으로 드러내는 게 아니라 시적 화자의 감정을 숨긴 채 주변의 풍경만을 보여주는 시작 방법을 택한다. 『자유시』 동인들이 시를 통해 빈번하게 ‘보여주는’ 것은 ‘자연’이다. 산과 강, 하늘과 바다, 꽃과 나무, 새와 곤충 같은 자연에 속한 다양한 것들이 동인지의 작품에서 반복적으로 등장한다. 특히 개미나 말미잘, 새 소리나 빗방울 같은 작은 것들을 탁월하게 포착해 냄으로써 자연의 거대한 경이로움을 역설적으로 보여준다.그러나 이들이 묘사하는 자연 풍경은 그저 ‘보여주는’ 것에 그치지 않는다는 데 문학적 의미가 있다. 시인의 눈으로 묘사되는 자연이라는 것은 날것 그대로의 자연이 아니라 이미 시인의 눈을 통과한 자연이다. 그 자체로 순전한 자연이 아니라 시인의 의식을 통해 내면화한 만큼 작품 속의 자연은 시적 의도를 갖게 된다. 동인들이 증언하는 바에 따르면 이 의도는 당대의 사회에 대한 비판의식이다. 산업화로 말미암아 소외와 사회적 갈등의 문제가 제기된 1970년대의 현실을 저항하고자 택해진 시적 방식이 ‘자연’인 것이다.『자유시』는 창간 당시부터 개인의 자유를 분명한 목표로 삼았던 바, 산업화에 수반된 다양한 사회적 병폐는 개인성을 침해하는 것이기 때문에 현실에 대한 저항의식을 갖지 않을 수 없다. 따라서 시 작품들의 순수한 자연의 풍경은 도시화의 그늘을 걷어낼 수 있는 희망으로 작용한다. 이 ‘자연’은 정지된 모습이 아니라 적극적인 운동력을 갖는 참여의 공간이 된다. 『자유시』의 시적 지향이 <순수/참여> 의 이분법적 분석틀을 넘어설 수 있는 근거가 여기에 있다.1970년대에 활발했던 『자유시』의 활동은 1980년대에 멈춰 서게 된다. <순수/참여>의 대립 구도에서는 순수를 지향하던 『자유시』가 참여적 활동을 요구받는 1980년대에 유효하기 어려웠다고 해석한다. 그러나 <순수/참여>의 이분법을 넘게 되면, 『자유시』의 해산은 다른 이유에서 찾아져야 한다. 문제는 『자유시』가 그리는 자연이 그 자체로 한계를 갖는다는 것이다. 동인들의 작품에서 묘사되는 자연은 현재적 장소가 아니라 시적 화자의 기억에 머무는 곳이다. 과거의 공간이 현재에 대한 응전이 될 수는 없다. 당대의 자연은 시인의 기억 속 아름다운 풍경과 달리 이미 도시화가 진행되고 산업화로 파괴된 공간이다. 추억과 현실의 격차가 극복될 수 없기 때문에 『자유시』 동인들의 저항 의식은 현장감을 가질 수 없다.",,https://www.riss.kr/search/detail/DetailView.do?p_mat_type=1a0202e37d52c72d&control_no=3b236fd58c371b09b36097776a77e665&keyword=
2013,반복과 집적을 통한 생명력 표현 연구 : 바다 생물 형상을 중심으로,"모든 자연의 생명체들은 자신의 생명을 유지해 나가고자 하는 생명력을 갖고 있다. 생명체가 자손을 번식하거나 세포를 분열·성장시키며 증식해가는 현상도 이러한 생명력 표현의 일환이라 할 수 있다. 본 연구자는 이러한 번식과 증식의 핵심이 개체가 끊임없이 반복·집적되는 원리에 있다고 보았다. 즉, 개체들은 증식과 번식을 통하여 반복·집적되면서 하나의 커다란 종의 역사, 생명의 역사를 써 나간다고 할 수 있으며, 이렇게 볼 때 반복과 집적의 원리는 자연의 생명력이라는 거대한 힘을 가장 잘 표현할 수 있는 원리라고도 할 수 있는 것이다. 따라서 본 연구자는 그러한 생명력의 표현으로서의 반복·집적의 원리를 도자 조형의 원리에 적용시켜 보고자 했다.",https://www.dbpia.co.kr/journal/detail?nodeId=T13259772,
2015,말미잘 유래 반복서열 단백질 기반 바이오소재 연구,"Protein-based biomaterials have been developed for various biomedical applications by mimicking mechanical, physical, and biological properties of natural extracellular microenvironments. Although protein-based biomaterials provide superior biocompatibility and biofunctionality, unfortunately, they have low mechanical properties compared with real tissues. To promote enhanced mechanical properties, repeat proteins have been regarded as the best candidates among diverse proteins for biomaterial component, because most repeat proteins possess welldefined secondary structures which affect mechanical characteristics and structural stability of material. In this thesis, new repeat proteins from sea anemone were discovered. Through genetic design, production, and fabrication, the mechanical, physical, and biological characteristics were analyzed. Based on the results, sea anemone-derived repeat proteins would be successfully applied in diverse tissue engineering applications.",https://www.dbpia.co.kr/journal/detail?nodeId=T13730865,
2016,분사건조법과 전기방사법을 통해 합성한 리튬이온전지용 양극재 Li2MnO3의 향상된 전기화학 특성,"현재 리튬이온전지는 스마트폰 및 전자기기 등에서 활발하게 사용되고 있는 에너지원이다. 하지만 전이 금속의 비싼 가격과 저장량의 한계, 차세대 전기자동차나 에너지 저장 장치 분야에서 요구하는 조건에 부합하는 성능에는 미치지 못하고 있는 상황이다.",https://www.dbpia.co.kr/journal/detail?nodeId=T14052737,
2017,부산 기장에서 채집된 말미잘의 분자생물학적 방법을 이용한 동정,"In this study, we tried to identify a sea anemone collected from the coast of Gijang, Busan. The anemone was mor-phologically similar to species belonging to the genus Anthopleura, but its morphological characteristics did not allow for confirmed identification to species level. Multiple genes from mitochondrial cytochrome oxidase III, 12S and 16S rRNA, and nuclear 18S and 28S rRNA, were amplified for multilocus sequence typing (MLST) analysis us-ing genomic DNA extracted from the sampled anemone and a different primer set. Based on the MLST analysis, the anemone obtained in this study was identified as Anthopleura artemisia. Also, the sequence of internal transcribed spacer-2 was most closely related to A. artemisia, indicating that this single region might be useful for anemone iden-tification. This study shows significance of molecular identification for sea anemones, and will be helpful in studies of sea anemone identification using genotyping-by-sequencing.",https://www.dbpia.co.kr/journal/articleDetail?nodeId=NODE11809498,https://www.riss.kr/search/detail/DetailView.do?p_mat_type=1a0202e37d52c72d&control_no=6b25293fdbca25c5b36097776a77e665&keyword=
2019,Bioinformatical sequence analysis of fibrous proteins including tandem repeats,"단백질, 즉 유전 정보로부터 번역된 생체고분자는 생명체 내에서 수송, 신호전달, 운동, 효소, 그리고 저장 등 다양한 기능을 수행하고 있다. 강건한 구조를 구축하는 것 또한 단백질의 중요한 역할이며, 섬유단백질은 막대 또는 선 모양과 유사한 필라멘트 또는 신장된 구조를 형성하여 이 기능을 맡고 있다. 콜라겐, 엘라스틴, 케라틴, 액틴, 그리고 튜뷸린은 인체 내에 존재하는 잘 알려진 섬유단백질의 예이다. 곤충에서 발견되는 실크와 레질린 또한 이 카테고리에 포함된다. 약물 전달 수송체와 조직공학용 지지체로의 섬유단백질은 그것의 유전공학적 생산과 함께 결부하여 높은 잠재력의 생체재료를 개발하는 데 응용되고 있다. 섬유단백질에 대한 연구들은 지금까지 그것을 함유하는 생물종, 생체 내에서의 조성과 위치한 장소, 생산, 저장, 분비, 그리고 자가조립 과정에 집중되어 왔다. 인간 내에 존재하는 섬유단백질들의 유전자 변이에 의해 야기되는 많은 질병들 또한 중요한 연구 대상이다. 분자생물학의 발전 덕분에 섬유단백질들의 분자구조가 특성화되고 있다. 그들의 특이한 2차구조들이 섬유의 우수한 기계적 물성의 주요한 원인이라는 것이 밝혀졌으며, 이러한 2차구조들은 주로 불균형한 아미노산 조성의 직렬반복으로 구성된 단백질 서열로부터 기인한다.",https://www.dbpia.co.kr/journal/detail?nodeId=T15445012,
2019,산호 이미지를 응용한 도자조형 연구,"인간은 자연에서 대가 없는 무한한 혜택을 받으며 살아오고 있다. 자연은 인간에게 삶의 터전을 마련해주고 아낌없이 베푼다. 길가에 자라나는 풀 한 포기, 바다에 떠다니는 해초, 산 위에 걸쳐진 구름 한 조각처럼 흔하게 존재하지만 없어지면 안 될 존재들 사이에서 많은 깨달음을 얻기도 하고 때론 이기심과 탐욕으로 자연을 훼손하고 파괴하였다. 예술가들은 자연의 체계 안에서 존재하는 의미들과 경이로움을 독창적인 소재를 통해 새로운 이미지로 표현한다. 현대미술과 현대도예에서 자연을 주제로 한 창작품들이 탄생하는 것은 이러한 속성 때문일 것이다.",https://www.dbpia.co.kr/journal/detail?nodeId=T15064676,
2019,우리나라 남해 초대형저서동물의 종 조성 및 분포에 관한 연구,"우리나라 남해, 제주도 및 이어도 해역은 고온, 고염분의 제주난류, 중국의 양쯔강으로부터 흘러나오는 저염수와 황해 저층냉수대의 영향을 받는다. 또한 계절에 따른 다양한 수괴 형성으로 인해 다양한 환경변화가 나타나는 것으로 알려져 있다. 이러한 다양한 환경 변화가 나타나는 제주도 주변 해역은 높은 생물다양성을 나타내며, 따라서 본 연구 지역의 생물다양성도 높을것으로 생각되어진다. 그러나, 본 연구지역의 저서동물에 관한 연구는 대형저서동물의 종 조성과 군집에 한정되었으며, 초대형저서동물에 관한 연구는 매우 제한적이다. 따라서 본 연구에서는 우리나라 남해 및 인근 해역의 초대형저서동물의 종 조성 및 분포를 분석하였다. 초대형저서동물은 2015년 6월, 11월 2016년 4월 17개 정점에서 Beam trawl (width:1.0m)을 10분 동안 예인하여 채집되었다. 초대형저서동물은 총 301종이 출현하였으며, 평균서식밀도는 28.7 ind/100 m2, 평균 생체량은 81.1 g/100 m2으로 나타났다. 주요 우점종은(> 1 % of the total density) 지붕거미불가사리(Stegophiura sterea), 버선조개(Mactrinula dolabrata), 호두조개(Acila divaricata), 고둥끈말미잘(Hormathia andersoni)순으로 나타났다. 초대형저서동물의 군집구조는 깊이에 따라 2015년 6월 3개의 그룹, 2015년 11월 두 개의 그룹으로 나뉘었으며, 2016년 4월 초대형저서동물의 군집구조는 퇴적물 조성에 따라 두 개의 그룹으로 나뉘었다. 총 종수, 종다양도, 평균 생체량은 남해에 위치한 정점 C3에서 각각 116종, 3.7, 1173 g/100 m2으로 높게 나타났으며, 총 종수, 종다양도, 평균서식밀도는 제주도 남쪽에 위치한 정점 H12에서 각각 5종, 1.3, 1.4 g/100 m2으로 낮게 나타났다. 생물다양성의 차이는 환경요인 중 수심, 자갈 함유량, 분급도에 영향을 받는것으로 나타났다. 이러한 결과는 남해 해역의 해양환경의 변동이 초대형저서동물의 종 조성과 분포 및 다양도에 영향을 주는 것으로 보인다.",https://www.dbpia.co.kr/journal/detail?nodeId=T15353475,
2020,노리코 쿠레즈미 작품의 조형적 특성을 활용한 헤어아트 디자인 연구 : Sea of memory 작품 중심으로,현대사회는 자신의 삶의 가치를 향상시키고자 다양성과 개성을 추구한다. 또한 문화와 예술에 대한 관심이 높아짐으로써 새롭고 창의적이고 개성 있는 다양한 디자인에 대한 욕구가 증가하고 있다. 과거 헤어디자인 영역에서 벗어나 독창적인 디자인 만들어내기 위해 새로운 기법이나 소재의 제한 없이 다양한 재료를 활용하여 사람의 정서적 안정과 치유도 되는 대중적인 창의예술로 발전해 가고 있다. 특히 요즘의 트렌드인 몸과 마음의 치유와 회복이라는 뜻의 힐링을 통해 자연친화적인 자연주의적 예술이 새로운 관심사로 떠오르고 있다. 이와 함께 자연은 많은 영감을 주고 자연은 인위적이지 않으며 정형화 되지 않은 자유로움을 가지며 생명력에서 느껴지는 생동감과 순수하고 조화로운 자연적 아름다움이 형태와 색으로 나타나 다양하게 형상화 할 수 있는 소재가 된다.,https://www.dbpia.co.kr/journal/detail?nodeId=T15677161,
2022,Studies on the community structure changes in marine organisms caused by anthropogenic activity using DNA metabarcoding approach,"다양한 환경 요인 중 인간의 인위적 활동은 해양생태계에 광범위한 영향을 미칠 수 있다. 이와 관련된 많은 연구가 수행되었음에도 불구하고 인위적 활동이 해양생태계에 미치는 영향에 대한 정보는 여전히 제한적이고 논란의 여지가 있다. 본 연구에서는 인위적인 생태 교란이 해양생물 군집 구조에 미치는 영향을 확인하기 위해 한국 남해의 물리적 해저 지형의 변화가 있는 해역과 주변 해역에서의 어류 및 식물플랑크톤 군집을 환경DNA (eDNA) 메타바코딩을 이용하여 비교 분석하였다. MiFish 메타바코딩 결과, 총 30개의 해수 샘플에서 152개의 어류 amplicon sequence variants (ASVs)를 확인하였으며, 이는 29목, 62과, 104속, 114종(9월 73종, 2월 89종)으로 할당되었다. Heatmap 분석을 통해 해저 지형의 변화가 있는 해역과 주변 해역의 확연한 어류 군집 구조 차이를 확인하였으며, 그 중 Pagrus major, Lateolabrax japonicus, Zeus faber, Eopsetta grigorjewi가 주변 해역보다 유의하게 풍부한 것으로 나타났다. 어류 군집 내 종 조성은 인위적 활동에 대한 중요한 지표가 될 수 있으며 이는 계절적 변동성을 보이는 것을 확인하였다. 식물플랑크톤 군집의 경우, 9월에는 Cyanobacteria와 Haptophyta가 각 해저 지형의 변화가 있는 해역과 주변 해역에서 군집 내 유의하게 풍부한 것으로 나타났다. 반면, 2월은 두 해역 간의 군집 구조가 유의한 차이를 보이지 않았는데 이는 식물플랑크톤 군집이 인위적 활동의 영향을 평가하는 데 있어 어류 군집보다 민감하지 않을 수 있음을 나타낸다. 또한 해저 지형의 물리적 구조 변화에 따른 어류 군집 구조 변화를 만든 요인이 무엇인지 확인하기 위해 해당 해역에서 유의하게 풍부하였던 어종인 P. major의 위 내용물을 분석하여 해역별 먹이 생물 조성에 차이가 있는지 알아보고자 하였다. 18S V9 영역 메타바코딩 결과, 총 145개의 위 내용물에서 704개 (3월 399개, 5월 202개, 8월 250개)의 먹이 일배체형을 확보하였으며, heatmap 분석으로 두 해역 간 P. major 먹이 구성의 유의한 차이를 확인하였다. 물리적으로 해저 지형이 변형된 해역에서는 편새목(Phlebobranchia)과 강새목(Stolidobranchia)이 유의하게 풍부하였고, 주변 해역에서는 해변말미잘목(Actiniaria)과 십각목(Decapoda)이 먹이 구성을 구분하는 주요 분류군인 것으로 확인되었다. 본 연구를 통해 인위적 활동이 어류 및 식물플랑크톤 군집과 저서생물 군집 구조에 미치는 영향을 확인하였으며, 메타바코딩 분석은 높은 민감도와 통계적 신뢰성으로 해양생태계에 미치는 인위적 활동의 영향을 평가하는데 유용한 것을 확인하였다. 그러나 본 연구는 단기간의 연구이며 수산자원의 과학적 관리 및 보존을 위해서는 인위적 활동이 해양생태계에 미치는 생물학적 영향을 평가하기 위한 추가 장기적인 연구가 수행되어야 한다.",https://www.dbpia.co.kr/journal/detail?nodeId=T16085571,
2022,수집형 모바일 게임의 트랜스미디어 스토리텔링 구조 분석,"본 연구의 목적은 수집형 모바일 게임에서 나타나는 트랜스미디어 구조를 살펴보고 캐릭터 기반의 트랜스미디어 스토리텔링이 확장되는 양상을 확인하는데 있다. 다인원 캐릭터를 수집하여 육성하는 수집형 모바일 게임은 플레이어의 소유욕을 자극하기 위해 트랜스미디어를 활용한다. 모바일 플랫폼 중 수 집형 RPG 게임의 대표 타이틀인 <그랑블루 판타지>, <페이트/그랜드 오더>, 그리고 <쿠키런: 킹덤>을 대상으로 각각 트랜스미디어로 활용된 캐릭터를 추출하여 연구를 진행하였다.  먼저 캐릭터의 생성 패턴을 확인할 수 있는 오쓰카 에이지의 캐릭터 이론과 빌렘 플루서의 코드화 이론을 활용하여 캐릭터의 요소를 살펴보았다. 그 결과 캐릭터는 추상적인 캐릭터의 특징인 모티브가 동일하여도 조합되는 구체적인 요소의 변화에 따라 창발적으로 나타나며 이는 일종의 코드로서 작용됨을 확인할 수 있었다. 코드로 나타나는 캐릭터는 상호매개적 특징을 보이며 이는 캐릭터 자체가 트랜스미디어를 통해 확장될 수 있는 요건이 된다.  이를 바탕으로 각 캐릭터의 트랜스미디어 스토리 구조를 마리-로르 라이언의 트랜스미디어 스토리텔링 이론을 적용하여 각각 곁가지가 있는 중앙매개 형, 말미잘 형, 선로 전환형으로 나타나는 것을 확인할 수 있었다. <쿠키런: 킹덤>에서 주로 나타난 중앙 매개 형은 이름 그대로 중앙의 선이 이야기세계의 메인 우주가 되어 여러 미디어나 텍스트들로 분산되어 있었던 이야기세계가 중앙의 우주와 상호작용하면서 일부 편입되거나 융합하게 되는 유형이다. <페이트/그랜드 오더>에서 나타난 말미잘 형은 중앙에 메인 우주에서 다양한 하위 우주로 반복적으로 펼쳐지는 형태로 각 노드들을 통해 중앙으로 언제든 접근이 가능한 구조이다. <그랑블루 판타지>에서 나타난 선로 전환 형은 각각의 동등한 개별 우주들이 존재하고 트랜스미디어로 통해 이동되는 노드들의 관계를 그려내고 있다.  수집형 모바일 게임의 트랜스미디어 스토리텔링 구조를 분석한 본 연구를 통해 앞으로 트랜스미디어 캐릭터 창작에 참고할 수 있는 실제적인 방법론으로 확대될 수 있을 것으로 기대한다. The purpose of this study is to examine the transmedia structure that appears in collectible mobile games and to verify the expansion of character-based transmedia storytelling. Collectible mobile games that collect multi-person characters utilize transmedia to stimulate players’ desire to possess. The research was conducted by extracting characters used as transmedia from the representative titles of mobile character games, 〈Granblue Fantasy〉, 〈Fate/Grand Order〉, and 〈Cookie Run: Kingdom〉.  First, the elements of the character were examined using Eiji Otsuka’s character theory and Villen Flusser’s code theory, which can identify the character’s pattern. As a result, it was verified that even if the motif, which is a abstract characteristic of the character, is same, the characteristics of the character appear creatively according to the change of specific elements to be combined, and this acts as a kind of code. Characters appearing in code show intermediation characteristics, which is a requirement for the character itself to be expanded through transmedia.  Based on this, it was identified that the transmedia story structure of each character was shown as vector with side-branches, sea-anemone, and track-switching by applying Marie-Laure Ryan’s transmedia storytelling theory. The ector with side-branches, which mainly appeared in〈Cookie Run: Kingdom〉, is a type in which the central line becomes the main universe of the storyworld, and the storyworld, which was distributed in various media or texts, interacts with the central universe, partially incorporating or converging. The sea-anemone type shown in〈Fate/Grand Order〉 is a structure that repeatedly spreads from the main universe to various sub-universe in the center, allowing access to the center at anytime through each node. The track-switching type shown in〈Granblue Fantasy〉 depicts the relationship between nodes that exist and move through transmedia.  Through this study, which analyzes the transmedia storytelling structure of collectible mobile games, it is expected that it will be expanded to practical methodologies that can be referenced for creating transmedia characters in the future.",https://www.dbpia.co.kr/journal/articleDetail?nodeId=NODE11059855,https://www.riss.kr/search/detail/DetailView.do?p_mat_type=1a0202e37d52c72d&control_no=09a3b7fb3e70d8b3b7998d826d417196&keyword=
2023,혼합점토의 투광성을 이용한 도자 조명 연구 : 말미잘의 형태를 중심으로,"기술과 산업이 발달하고 삶의 질이 향상됨에 따라 사람들은 정서적, 심리적 향유의 욕구를 충족시킬 수 있는 조명에 대한 관심이 증가하고 있다. 조명은 빛을 통해 받아들이는 충격은 감각을 통해 심리적 현상으로 작용하기에 빛의 형상, 색상 등의 요소를 조절하여 공간의 분위기를 형성하여 어둠을 밝히는 일차적인 기능만이 아닌 미적 도구로써 사용되고 있다.",https://www.dbpia.co.kr/journal/detail?nodeId=T16674352,
